{
    "Flow Duration": 0.15731125217592662,
    "Total Fwd Packets": 0.12336658841246405,
    "Total Backward Packets": 0.06656943567497556,
    "Total Length of Fwd Packets": 0.39170431396232464,
    "Total Length of Bwd Packets": 0.26104840977430915
}